Date,Adj_Close,Close,High,Low,Open,Volume
1995-01-03,31.2056,45.7812,45.8437,45.6875,45.7031,324300
1995-01-04,31.3547,46.0,46.0,45.75,45.9843,351800
1995-01-05,31.3547,46.0,46.1093,45.9531,46.0312,89800
1995-01-06,31.3866,46.0468,46.25,45.9062,46.0937,448400
1995-01-09,31.4186,46.0937,46.0937,46.0,46.0312,36800
1995-01-10,31.4505,46.1406,46.3906,46.1406,46.2031,229800
1995-01-11,31.4718,46.1718,46.2968,45.8125,46.2968,222400
1995-01-12,31.4825,46.1875,46.2187,46.0312,46.125,40300
1995-01-13,31.8552,46.7343,46.7343,46.375,46.4375,170600
1995-01-16,32.047,47.0156,47.0312,46.7187,46.7187,105100
1995-01-17,32.0576,47.0312,47.0625,46.8593,46.9218,89500
1995-01-18,32.0256,46.9843,47.0781,46.875,47.0,84500
1995-01-19,31.8446,46.7187,46.875,46.6875,46.8281,139100
1995-01-20,31.7274,46.5468,46.6718,46.4531,46.6562,78700
1995-01-23,31.8233,46.6875,46.6875,46.2031,46.2343,53700
1995-01-24,31.8659,46.75,46.75,46.6406,46.6718,32400
1995-01-25,31.9511,46.875,47.0468,46.5156,46.5156,15700
1995-01-26,31.983,46.9218,46.9843,46.75,46.8437,9800
1995-01-27,32.1108,47.1093,47.2343,46.9218,47.2343,91200
1995-01-30,31.9724,46.9062,47.0468,46.8437,47.0156,26600
1995-01-31,32.1002,47.0937,47.1718,46.9218,47.0,127500
1995-02-01,32.0896,47.0781,47.3281,47.0,47.1562,380200
1995-02-02,32.2812,47.3593,47.3593,47.0625,47.0625,131700
1995-02-03,32.7392,48.0312,48.1093,47.5781,47.6562,405100
1995-02-06,32.8777,48.2343,48.375,47.9687,48.0156,405400
1995-02-07,32.9203,48.2968,48.3125,48.1406,48.3125,702900
1995-02-08,32.9203,48.2968,48.4687,48.2031,48.2343,521500
1995-02-09,32.9203,48.2968,48.2968,48.125,48.2187,390700
1995-02-10,32.9629,48.3593,48.3593,48.0937,48.2343,148300
1995-02-13,32.9736,48.375,48.4687,48.3281,48.3281,79700
1995-02-14,33.0162,48.4375,48.5312,48.25,48.5312,170200
1995-02-15,33.1972,48.7031,48.7656,48.3906,48.4375,431500
1995-02-16,33.1546,48.6406,48.6875,48.5,48.6406,99300
1995-02-17,33.0268,48.4531,48.625,48.4375,48.5937,49100
1995-02-21,33.0162,48.4375,48.5312,48.4218,48.4531,168000
1995-02-22,33.2611,48.7968,48.7968,48.4531,48.4843,386400
1995-02-23,33.3144,48.875,49.1562,48.8593,48.9843,402800
1995-02-24,33.3996,49.0,49.0156,48.8125,48.9375,307600
1995-02-27,33.1333,48.6093,49.0,48.5312,48.8593,280900
1995-02-28,33.4102,49.0156,49.0156,48.5625,48.5625,493500
1995-03-01,33.1972,48.7031,49.0312,48.6562,48.9687,242600
1995-03-02,33.2398,48.7656,48.7656,48.5468,48.6875,488600
1995-03-03,33.2504,48.7812,48.7812,48.4843,48.6093,290000
1995-03-06,33.2718,48.8125,48.8125,48.3906,48.4531,85700
1995-03-07,33.0162,48.4375,48.75,48.2187,48.6406,180900
1995-03-08,33.1014,48.5625,48.625,48.3437,48.5156,155900
1995-03-09,33.0907,48.5468,48.5937,48.4218,48.5468,63500
1995-03-10,33.5806,49.2656,49.3906,48.5312,48.5937,192100
1995-03-13,33.5486,49.2187,49.3906,49.1718,49.2343,261300
1995-03-14,33.7936,49.5781,49.6406,49.3593,49.3593,223300
1995-03-15,33.7297,49.4843,49.5781,49.2968,49.5,278500
1995-03-16,33.9321,49.7812,49.8125,49.4375,49.4375,20400
1995-03-17,33.9659,49.5625,49.625,49.4062,49.4375,89900
1995-03-20,33.9659,49.5625,49.625,49.4687,49.625,91700
1995-03-21,33.8802,49.4375,49.875,49.3593,49.5625,104400
1995-03-22,33.9123,49.4843,49.5312,49.3281,49.5312,74900
1995-03-23,33.9337,49.5156,49.6562,49.3593,49.4218,220500
1995-03-24,34.4156,50.2187,50.2187,49.6718,49.6718,134000
1995-03-27,34.5547,50.4218,50.4218,50.1718,50.2968,132100
1995-03-28,34.5547,50.4218,50.4218,50.2343,50.2968,121900
1995-03-29,34.544,50.4062,50.8906,50.125,50.375,246100
1995-03-30,34.4798,50.3125,50.5156,50.1093,50.5156,298400
1995-03-31,34.3406,50.1093,50.1718,49.5468,49.9218,541300
1995-04-03,34.4262,50.2343,50.2343,50.0625,50.0937,193300
1995-04-04,34.6512,50.5625,50.5625,50.25,50.25,66900
1995-04-05,34.6512,50.5625,50.6093,50.4218,50.4531,107200
1995-04-06,34.7797,50.75,50.7968,50.5937,50.6875,352500
1995-04-07,34.7475,50.7031,50.8593,50.4687,50.8593,361400
1995-04-10,34.8117,50.7968,50.7968,50.5937,50.625,285400
1995-04-11,34.694,50.625,50.9375,50.5937,50.9218,250300
1995-04-12,34.8117,50.7968,50.7968,50.6093,50.7031,150900
1995-04-13,35.0045,51.0781,51.0937,50.8593,50.8906,243400
1995-04-17,34.801,50.7812,51.3125,50.625,51.2656,178900
1995-04-18,34.6832,50.6093,50.8281,50.4843,50.8281,329500
1995-04-19,34.6512,50.5625,50.7187,50.2968,50.6093,223000
1995-04-20,34.7047,50.6406,50.7812,50.4375,50.7031,207900
1995-04-21,34.876,50.8906,50.9062,50.6562,50.6562,145000
1995-04-24,35.2829,51.4843,51.4843,50.8593,50.8593,169000
1995-04-25,35.1865,51.3437,51.4843,51.3125,51.4062,293200
1995-04-26,35.2187,51.3906,51.4218,51.125,51.25,204400
1995-04-27,35.3043,51.5156,51.5468,51.2812,51.3125,502200
1995-04-28,35.3579,51.5937,51.6718,51.1718,51.5,130800
1995-05-01,35.2615,51.4531,51.6562,51.4531,51.5468,518700
1995-05-02,35.3365,51.5625,51.6406,51.3906,51.5,228400
1995-05-03,35.829,52.2812,52.2812,51.7343,51.7343,724700
1995-05-04,35.8076,52.25,52.6875,52.125,52.3437,311400
1995-05-05,35.7648,52.1875,52.4687,52.0781,52.4687,314900
1995-05-08,36.0218,52.5625,52.7343,52.0937,52.1406,183100
1995-05-09,35.9896,52.5156,52.8437,52.4375,52.7812,180600
1995-05-10,36.0325,52.5781,52.6718,52.3281,52.6562,330300
1995-05-11,36.1288,52.7187,52.7187,52.4843,52.6562,351700
1995-05-12,36.1503,52.75,52.875,52.5,52.5156,94600
1995-05-15,36.3216,53.0,53.0,52.7812,52.8906,147200
1995-05-16,36.343,53.0312,53.1562,52.8906,52.9843,221600
1995-05-17,36.2038,52.8281,53.0468,52.7812,53.0312,189200
1995-05-18,35.6791,52.0625,52.7656,52.0625,52.7343,577800
1995-05-19,35.7005,52.0937,52.1875,51.9062,51.9843,363900
1995-05-22,36.0967,52.6718,52.75,52.2343,52.2656,216000
1995-05-23,36.4287,53.1562,53.1562,52.6093,52.7656,136800
1995-05-24,36.4073,53.125,53.4218,52.7968,53.25,370800
1995-05-25,36.4394,53.1718,53.2187,52.7187,52.9687,379900
1995-05-26,36.0218,52.5625,52.9843,52.3593,52.9687,518600
1995-05-30,36.011,52.5468,52.8281,52.375,52.6875,61500
1995-05-31,36.7606,53.6406,53.6406,52.4531,52.4531,564500
1995-06-01,36.6643,53.5,53.9062,53.25,53.4062,810100
1995-06-02,36.6963,53.5468,53.9218,53.0937,53.2812,112900
1995-06-05,36.9213,53.875,54.0468,53.5,53.5468,257200
1995-06-06,36.857,53.7812,54.0156,53.7812,53.8281,165800
1995-06-07,36.6643,53.5,53.7031,53.4375,53.6718,41900
1995-06-08,36.5786,53.375,53.6406,53.375,53.4843,141100
1995-06-09,36.3644,53.0625,53.3281,52.75,53.2656,304900
1995-06-12,36.5678,53.3593,53.5781,53.2031,53.2343,378500
1995-06-13,36.9641,53.9375,53.9687,53.5625,53.6093,120000
1995-06-14,36.932,53.8906,53.9531,53.6875,53.8593,389400
1995-06-15,37.0926,54.125,54.2343,53.875,53.9687,274500
1995-06-16,37.2027,53.9687,53.9687,53.7031,53.7031,325100
1995-06-19,37.6228,54.5781,54.6093,54.0937,54.125,134600
1995-06-20,37.5258,54.4375,54.6093,54.3906,54.4218,287800
1995-06-21,37.5043,54.4062,54.6562,54.4062,54.6093,158200
1995-06-22,37.9998,55.125,55.1562,54.6406,54.6406,297000
1995-06-23,37.9243,55.0156,55.0312,54.8437,55.0,315400
1995-06-26,37.4719,54.3593,54.9531,54.3593,54.8593,132900
1995-06-27,37.3966,54.25,54.7031,54.2187,54.3437,127700
1995-06-28,37.5904,54.5312,54.75,54.0781,54.25,212600
1995-06-29,37.5258,54.4375,54.6718,54.0625,54.5312,89200
1995-06-30,37.5043,54.4062,54.7343,54.2968,54.5468,714100
1995-07-03,37.6443,54.6093,54.6093,54.4687,54.4687,9500
1995-07-05,37.7843,54.8125,55.0625,54.6406,54.7656,409300
1995-07-06,38.269,55.5156,55.5156,54.7187,54.8281,202500
1995-07-07,38.4414,55.7656,55.7812,55.375,55.4062,481700
1995-07-10,38.4629,55.7968,55.9531,55.7031,55.8125,400400
1995-07-11,38.2798,55.5312,55.7968,55.4531,55.75,420500
1995-07-12,38.7537,56.2187,56.3125,55.5312,55.6406,203400
1995-07-13,38.6675,56.0937,56.2656,56.0312,56.1406,215600
1995-07-14,38.6352,56.0468,56.0937,55.75,55.7968,543700
1995-07-17,38.8506,56.3593,56.4218,56.0781,56.125,171500
1995-07-18,38.5168,55.875,56.2656,55.8281,56.2656,221200
1995-07-19,38.0967,55.2656,55.7187,54.2031,55.6562,486600
1995-07-20,38.2367,55.4687,55.5781,55.0312,55.3281,318900
1995-07-21,38.1936,55.4062,55.625,55.1875,55.4218,94000
1995-07-24,38.4737,55.8125,55.875,55.4843,55.4843,108400
1995-07-25,38.7644,56.2343,56.3125,55.7031,55.875,107400
1995-07-26,38.7322,56.1875,56.4687,56.1718,56.2031,167800
1995-07-27,39.0553,56.6562,56.7031,56.4531,56.4531,187700
1995-07-28,38.8075,56.2968,56.7031,56.25,56.7031,415600
1995-07-31,38.7106,56.1562,56.3906,56.0312,56.3437,342500
1995-08-01,38.646,56.0625,56.2343,55.75,56.2343,141000
1995-08-02,38.5598,55.9375,56.7968,55.8437,56.3906,240400
1995-08-03,38.549,55.9218,55.9531,55.4531,55.5468,1193600
1995-08-04,38.5921,55.9843,56.0781,55.9218,56.0312,240500
1995-08-07,38.6783,56.1093,56.2812,56.0781,56.1093,193100
1995-08-08,38.6783,56.1093,56.3125,55.9375,56.1406,951900
1995-08-09,38.6675,56.0937,56.2968,56.0468,56.2968,107100
1995-08-10,38.5814,55.9687,56.2812,55.7343,56.1562,280800
1995-08-11,38.3659,55.6562,55.9843,55.4218,55.9218,257200
1995-08-14,38.7106,56.1562,56.1562,55.6718,55.7968,254800
1995-08-15,38.6352,56.0468,56.1406,55.6562,56.1406,44400
1995-08-16,38.7429,56.2031,56.2031,55.9375,56.0,374900
1995-08-17,38.6783,56.1093,56.2343,55.9062,56.2343,353800
1995-08-18,38.7214,56.1718,56.4062,56.125,56.3906,85400
1995-08-21,38.6137,56.0156,56.6406,56.0,56.4062,266700
1995-08-22,38.6891,56.125,56.2187,55.8125,56.0937,220200
1995-08-23,38.549,55.9218,56.2031,55.9218,56.1718,176500
1995-08-24,38.5921,55.9843,56.0937,55.75,55.9375,167400
1995-08-25,38.8075,56.2968,56.3906,56.0781,56.0781,195000
1995-08-28,38.6675,56.0937,56.4531,56.0,56.4531,293000
1995-08-29,38.7644,56.2343,56.25,55.7656,56.1562,1133100
1995-08-30,38.8506,56.3593,56.4218,56.2187,56.2812,437400
1995-08-31,38.8829,56.4062,56.5,56.2968,56.3437,491900
1995-09-01,39.0553,56.6562,56.75,56.3437,56.3906,629900
1995-09-05,39.4215,57.1875,57.2187,56.7343,56.8281,272200
1995-09-06,39.4969,57.2968,57.3593,57.2187,57.2343,214500
1995-09-07,39.5184,57.3281,57.3906,57.25,57.3593,258800
1995-09-08,39.6692,57.5468,57.5468,57.1718,57.5468,107300
1995-09-11,39.7769,57.7031,57.8125,57.6406,57.6406,260700
1995-09-12,39.96,57.9687,57.9687,57.5781,57.7187,139500
1995-09-13,40.1431,58.2343,58.3125,57.8906,57.9062,239800
1995-09-14,40.5094,58.7656,58.8125,58.2812,58.4375,457600
1995-09-15,40.4982,58.4375,58.5781,58.2031,58.4062,431200
1995-09-18,40.3466,58.2187,58.2656,57.9375,58.2343,307500
1995-09-19,40.5415,58.5,58.5312,58.125,58.3281,549600
1995-09-20,40.7364,58.7812,58.7812,58.5468,58.5937,290800
1995-09-21,40.4007,58.2968,58.75,58.0625,58.7031,508500
1995-09-22,40.4116,58.3125,58.375,57.7812,57.8281,449900
1995-09-25,40.3466,58.2187,58.375,58.0156,58.375,130000
1995-09-26,40.3358,58.2031,58.5312,58.0625,58.3906,466600
1995-09-27,40.3033,58.1562,58.1875,57.5937,57.9531,654400
1995-09-28,40.6065,58.5937,58.5937,58.1562,58.2031,456200
1995-09-29,40.5306,58.4843,58.9062,58.4062,58.5468,606600
1995-10-02,40.325,58.1875,58.625,58.0468,58.4843,293100
1995-10-03,40.3683,58.25,58.3437,57.9531,58.1875,839700
1995-10-04,40.325,58.1875,58.2812,58.1093,58.2812,248800
1995-10-05,40.444,58.3593,58.3593,58.0937,58.25,268800
1995-10-06,40.4765,58.4062,58.5781,58.3906,58.3906,75300
1995-10-09,40.1408,57.9218,58.2187,57.8125,58.1875,358200
1995-10-10,40.1192,57.8906,57.8906,57.2656,57.3281,360800
1995-10-11,40.2491,58.0781,58.0937,57.875,58.0937,228100
1995-10-12,40.4982,58.4375,58.4687,58.125,58.125,199800
1995-10-13,40.6282,58.625,58.8593,58.625,58.7031,488100
1995-10-16,40.4332,58.3437,58.5625,58.3437,58.4531,443600
1995-10-17,40.7039,58.7343,58.7968,58.2968,58.4062,146000
1995-10-18,40.823,58.9062,59.0937,58.7187,59.0156,228100
1995-10-19,41.018,59.1875,59.1875,58.7968,58.875,500600
1995-10-20,40.7689,58.8281,59.1875,58.8281,59.1406,748400
1995-10-23,40.6823,58.7031,58.8125,58.5468,58.5468,533000
1995-10-24,40.7256,58.7656,58.8437,58.625,58.7812,172200
1995-10-25,40.3899,58.2812,58.8906,58.2812,58.8125,302700
1995-10-26,40.0218,57.75,58.4218,57.2812,58.375,606800
1995-10-27,40.325,58.1875,58.1875,57.4218,57.6875,905800
1995-10-30,40.5848,58.5625,58.5937,58.3281,58.3281,488700
1995-10-31,40.4116,58.3125,58.8437,58.3125,58.7187,508200
1995-11-01,40.7364,58.7812,58.7812,58.2343,58.2812,415700
1995-11-02,40.9963,59.1562,59.1562,58.6875,58.6875,326000
1995-11-03,41.0504,59.2343,59.25,59.0625,59.2343,615000
1995-11-06,40.9097,59.0312,59.2187,59.0156,59.2187,311200
1995-11-07,40.7581,58.8125,59.0,58.625,59.0,358200
1995-11-08,41.1262,59.3437,59.375,58.8906,58.8906,357200
1995-11-09,41.2779,59.5625,59.5781,59.2812,59.5781,503700
1995-11-10,41.2562,59.5312,59.6093,59.2187,59.2343,795600
1995-11-13,41.2128,59.4687,59.6562,59.3125,59.4218,818500
1995-11-14,40.9422,59.0781,59.4843,59.0781,59.3593,341800
1995-11-15,41.3536,59.6718,59.6875,59.1093,59.1406,584700
1995-11-16,41.5811,60.0,60.0625,59.6562,59.6718,577700
1995-11-17,41.711,60.1875,60.2031,60.0156,60.0937,267000
1995-11-20,41.4944,59.875,60.2968,59.8593,60.2812,448800
1995-11-21,41.83,60.3593,60.3593,59.9218,59.9375,119200
1995-11-22,41.7001,60.1718,60.375,60.1718,60.3125,351600
1995-11-24,41.8084,60.3281,60.3281,60.1875,60.2343,62400
1995-11-27,41.8192,60.3437,60.6406,60.3437,60.4531,273000
1995-11-28,42.2632,60.9843,60.9843,60.1562,60.2968,479000
1995-11-29,42.3065,61.0468,61.0937,60.8437,61.0937,549200
1995-11-30,42.2091,60.9062,61.2031,60.8437,61.0468,286200
1995-12-01,42.2632,60.9843,61.0781,60.8437,60.9843,465200
1995-12-04,42.7829,61.7343,61.7343,61.0468,61.125,631700
1995-12-05,43.0645,62.1406,62.2031,61.625,61.6718,567700
1995-12-06,43.162,62.2812,62.5312,62.0,62.2968,272800
1995-12-07,42.9346,61.9531,62.2812,61.9062,62.2031,289700
1995-12-08,43.0753,62.1562,62.2343,61.7656,62.2187,296900
1995-12-11,43.2594,62.4218,62.5468,62.1562,62.2812,186500
1995-12-12,43.1295,62.2343,62.3593,62.1406,62.1406,299400
1995-12-13,43.4002,62.625,62.7031,62.3125,62.3125,390700
1995-12-14,43.0861,62.1718,62.7968,62.0156,62.6875,395000
1995-12-15,43.102,61.8125,61.875,61.5937,61.875,416700
1995-12-18,42.2739,60.625,61.2656,60.6093,61.2656,862300
1995-12-19,42.7206,61.2656,61.3437,60.5781,60.6562,1022600
1995-12-20,42.3066,60.6718,61.5156,60.6718,61.4531,1349800
1995-12-21,42.5245,60.9843,61.1718,60.75,61.0312,857600
1995-12-22,42.677,61.2031,61.375,61.1406,61.3125,332800
1995-12-26,42.8841,61.5,61.5312,61.3281,61.4531,432200
1995-12-27,42.8622,61.4687,61.6562,61.3593,61.6562,151800
1995-12-28,42.8187,61.4062,61.6562,61.25,61.3437,256200
1995-12-29,42.8731,61.4843,61.5312,61.25,61.4687,339200
1996-01-02,43.3308,62.1406,62.1406,61.3437,61.4062,514400
1996-01-03,43.4506,62.3125,62.5,62.0,62.3437,610300
1996-01-04,43.0366,61.7187,62.625,61.2187,62.3906,1129700
1996-01-05,42.9494,61.5937,61.75,61.1718,61.3125,302400
1996-01-08,43.1128,61.8281,61.9062,61.7343,61.8125,179900
1996-01-09,42.372,60.7656,62.0625,60.625,62.0156,415500
1996-01-10,41.8163,59.9687,60.8125,59.6406,60.6875,787700
1996-01-11,42.0669,60.3281,60.3281,59.7812,60.0625,513200
1996-01-12,42.0015,60.2343,60.5,59.6718,60.4843,390400
1996-01-15,41.9143,60.1093,60.4531,59.8593,60.25,154200
1996-01-16,42.4264,60.8437,60.8906,59.8906,60.4062,454600
1996-01-17,42.2957,60.6562,61.125,60.4531,60.7031,407600
1996-01-18,42.4373,60.8593,60.9062,60.375,60.8906,425600
1996-01-19,42.7206,61.2656,61.4218,60.7968,60.8593,169800
1996-01-22,42.7315,61.2812,61.4218,61.1093,61.2187,288200
1996-01-23,42.8295,61.4218,61.4218,61.125,61.25,362200
1996-01-24,43.1782,61.9218,62.0468,61.4843,61.5156,1506500
1996-01-25,43.0257,61.7031,62.0,61.625,61.9687,298400
1996-01-26,43.3961,62.2343,62.2656,61.5781,61.6562,726300
1996-01-29,43.5704,62.4843,62.4843,62.1406,62.1875,254800
1996-01-30,43.9409,63.0156,63.1406,62.5312,62.6093,272100
1996-01-31,44.3985,63.6718,63.6875,62.9687,63.0,498000
1996-02-01,44.5619,63.9062,63.9062,63.5625,63.6093,373900
1996-02-02,44.3767,63.6406,64.0156,63.5,63.875,496200
1996-02-05,44.7362,64.1562,64.25,63.4375,63.5312,295300
1996-02-06,45.1612,64.7656,64.8281,64.0937,64.1875,301600
1996-02-07,45.4227,65.1406,65.1406,64.6875,64.75,585100
1996-02-08,45.9129,65.8437,65.9062,64.9218,65.0468,1526600
1996-02-09,45.9021,65.8281,66.375,65.5156,65.8125,804600
1996-02-12,46.2507,66.3281,66.625,65.8906,65.9531,626500
1996-02-13,46.1527,66.1875,66.6875,66.0,66.0468,1045900
1996-02-14,45.7495,65.6093,66.3593,65.5781,66.1406,431400
1996-02-15,45.4662,65.2031,65.9062,65.125,65.4687,889500
1996-02-16,45.281,64.9375,65.2343,64.7343,65.0781,606100
1996-02-20,44.8343,64.2968,64.625,63.875,64.4375,492300
1996-02-21,45.39,65.0937,65.1406,64.4218,64.4218,434000
1996-02-22,46.1091,66.125,66.3281,65.4062,65.4531,721400
1996-02-23,45.9783,65.9375,66.6093,65.3281,66.5,1430400
1996-02-26,45.3246,65.0,65.8906,64.9687,65.75,1408400
1996-02-27,45.1829,64.7968,65.1718,64.5,65.1562,601000
1996-02-28,44.976,64.5,65.7343,64.5,65.3125,865900
1996-02-29,44.5402,63.875,64.9531,63.875,64.125,914300
1996-03-01,45.2483,64.8906,64.8906,63.6093,64.6406,1452600
1996-03-04,45.5098,65.2656,65.6562,64.8125,65.0312,652600
1996-03-05,45.9348,65.875,65.875,65.0781,65.1093,402000
1996-03-06,45.5316,65.2968,65.9687,65.2968,65.7812,624700
1996-03-07,45.7604,65.625,65.6562,65.2343,65.4218,534200
1996-03-08,44.2787,63.5,64.875,62.0,64.1875,2289900
1996-03-11,44.7907,64.2343,64.3281,63.0625,63.25,1511400
1996-03-12,44.442,63.7343,64.0468,62.9062,63.8125,1385300
1996-03-13,44.7471,64.1718,64.4375,63.7968,64.1562,1019300
1996-03-14,44.9433,64.4531,64.8125,64.2343,64.2656,725600
1996-03-15,44.9131,64.125,64.3281,63.75,64.0625,869200
1996-03-18,45.7776,65.3593,65.3593,64.5781,64.7187,917600
1996-03-19,45.6791,65.2187,65.9375,65.0,65.9375,858300
1996-03-20,45.6244,65.1406,65.5312,64.6406,65.5312,744300
1996-03-21,45.5149,64.9843,65.25,64.7656,65.2187,650800
1996-03-22,45.6353,65.1562,65.3281,64.9375,65.0156,344500
1996-03-25,45.5478,65.0312,65.8125,64.8593,65.75,802400
1996-03-26,45.7667,65.3437,65.5156,64.8593,64.9218,969400
1996-03-27,45.3508,64.75,65.4843,64.6875,65.4375,809600
1996-03-28,45.5259,65.0,65.0312,64.5,64.5156,1001300
1996-03-29,45.3071,64.6875,65.1875,64.375,65.1875,457700
1996-04-01,45.8324,65.4375,65.4531,64.7968,65.0,773400
1996-04-02,45.9199,65.5625,65.5625,65.2968,65.5156,638800
1996-04-03,45.9199,65.5625,65.6093,65.1718,65.3281,288000
1996-04-04,45.8871,65.5156,65.7187,65.5,65.5625,934900
1996-04-08,45.0991,64.3906,64.3906,63.5937,63.875,2217200
1996-04-09,44.924,64.1406,64.6406,64.0156,64.6406,1180900
1996-04-10,44.1251,63.0,64.3125,62.75,64.0312,939500
1996-04-11,44.0704,62.9218,63.4687,62.125,63.1562,1276000
1996-04-12,44.6285,63.7187,63.8125,63.1718,63.3593,411300
1996-04-15,45.0006,64.25,64.3281,63.8437,64.0468,484200
1996-04-16,45.132,64.4375,64.6562,64.2343,64.375,429700
1996-04-17,45.0225,64.2812,64.5625,63.8437,64.375,525300
1996-04-18,45.0882,64.375,64.5781,64.0937,64.4375,818600
1996-04-19,45.1976,64.5312,64.8593,64.4218,64.6875,885100
1996-04-22,45.5478,65.0312,65.2812,64.5937,65.125,828900
1996-04-23,45.69,65.2343,65.2812,64.7812,64.9218,225400
1996-04-24,45.5259,65.0,65.5625,64.8593,65.5625,699000
1996-04-25,45.7338,65.2968,65.5625,64.75,65.1406,475500
1996-04-26,45.8324,65.4375,65.8125,65.2343,65.4687,563300
1996-04-29,45.8324,65.4375,65.5625,65.1562,65.1562,219900
1996-04-30,45.7995,65.3906,65.5625,65.125,65.4375,184400
1996-05-01,45.898,65.5312,65.7968,65.2812,65.375,561900
1996-05-02,45.11,64.4062,65.375,64.0937,65.0156,1299600
1996-05-03,45.0444,64.3125,64.9843,63.75,64.7812,1329300
1996-05-06,45.0006,64.25,64.5625,63.6875,64.5625,647500
1996-05-07,44.8145,63.9843,64.25,63.7656,64.25,582100
1996-05-08,45.3727,64.7812,64.7812,63.0781,63.6718,1694700
1996-05-09,45.3398,64.7343,65.0625,64.5,64.5625,593400
1996-05-10,45.7886,65.375,65.5937,65.0625,65.375,925100
1996-05-13,46.478,66.3593,66.6406,65.4687,65.5312,867500
1996-05-14,46.7626,66.7656,66.9375,66.5625,66.625,632300
1996-05-15,46.7079,66.6875,67.3125,66.6406,66.7812,466100
1996-05-16,46.8063,66.8281,66.9375,66.2812,66.3125,514400
1996-05-17,47.0581,67.1875,67.2968,67.0,67.0,427700
1996-05-20,47.3754,67.6406,67.75,66.9843,67.6562,788500
1996-05-21,47.3097,67.5468,67.875,67.5,67.75,352700
1996-05-22,47.7584,68.1875,68.1875,67.3906,67.625,1218100
1996-05-23,47.5614,67.9062,68.4375,67.5312,68.2812,967900
1996-05-24,47.7475,68.1718,68.3281,67.9375,67.9687,659100
1996-05-28,47.2659,67.4843,68.375,67.3125,68.375,456400
1996-05-29,46.9486,67.0312,67.6875,66.8125,67.625,649600
1996-05-30,47.1894,67.375,67.7187,66.75,66.9375,895800
1996-05-31,46.8392,66.875,67.6406,66.875,67.3593,923500
1996-06-03,46.9705,67.0625,67.1093,66.7031,66.8906,503100
1996-06-04,47.2988,67.5312,67.5937,67.25,67.375,627100
1996-06-05,47.7147,68.125,68.2031,67.4218,67.5625,428000
1996-06-06,47.3645,67.625,68.5,67.5,68.5,523300
1996-06-07,47.3645,67.625,67.6406,66.1875,66.1875,1422800
1996-06-10,47.2112,67.4062,67.7343,67.2968,67.5312,548800
1996-06-11,47.1675,67.3437,68.0312,67.3437,67.6562,688700
1996-06-12,47.0799,67.2187,67.7343,67.1093,67.5625,1120600
1996-06-13,47.0799,67.2187,67.4687,66.8281,67.375,1502000
1996-06-14,46.883,66.9375,67.25,66.7187,67.25,1468200
1996-06-17,46.8501,66.8906,67.2187,66.7187,66.9687,1101000
1996-06-18,46.4671,66.3437,67.0312,66.3281,66.8437,718000
1996-06-19,46.675,66.6406,67.0,66.4218,66.6562,552100
1996-06-20,46.6422,66.5937,66.9218,66.1875,66.7031,1234400
1996-06-21,47.0434,66.8125,66.8125,66.375,66.5625,573300
1996-06-24,47.1314,66.9375,67.2187,66.8437,66.9687,416500
1996-06-25,47.0763,66.8593,67.1718,66.7812,67.125,454400
1996-06-26,46.7573,66.4062,66.9218,66.3906,66.7812,838200
1996-06-27,47.0874,66.875,67.0468,66.1562,66.4062,1090500
1996-06-28,47.2523,67.1093,67.5,66.9687,67.1562,1060800
1996-07-01,47.6595,67.6875,67.7031,67.1875,67.2812,471300
1996-07-02,47.4834,67.4375,67.6406,67.3281,67.625,389400
1996-07-03,47.3844,67.2968,67.5,67.0625,67.4062,308300
1996-07-05,46.1742,65.5781,66.4375,65.375,66.125,842900
1996-07-08,45.9872,65.3125,65.9843,65.125,65.625,942000
1996-07-09,46.1742,65.5781,65.8125,65.375,65.6093,716300
1996-07-10,46.3612,65.8437,65.8437,64.9218,65.5625,1132300
1996-07-11,45.4261,64.5156,65.6875,63.875,65.5625,1587400
1996-07-12,45.4591,64.5625,64.9062,64.0781,64.625,1312000
1996-07-15,44.1169,62.6562,64.7187,62.6562,64.7187,1951300
1996-07-16,44.2269,62.8125,63.5,60.375,62.8437,4141000
1996-07-17,44.755,63.5625,64.0,63.0,63.75,1340500
1996-07-18,45.3711,64.4375,64.5468,63.3281,63.75,1432500
1996-07-19,45.041,63.9687,64.375,63.625,64.2812,1216000
1996-07-22,44.711,63.5,63.75,63.0156,63.5312,519800
1996-07-23,44.1389,62.6875,63.9375,62.5781,63.5937,1479800
1996-07-24,44.2269,62.8125,63.1875,61.625,61.9375,2463400
1996-07-25,44.623,63.375,63.5625,63.125,63.4375,1989800
1996-07-26,44.865,63.7187,63.8125,63.3906,63.5625,642300
1996-07-29,44.3699,63.0156,63.7187,62.9375,63.625,1297900
1996-07-30,44.799,63.625,63.6875,62.9375,63.4375,1868200
1996-07-31,45.129,64.0937,64.2656,63.5156,63.6718,767100
1996-08-01,45.8771,65.1562,65.3906,64.0625,64.1562,1168600
1996-08-02,46.8673,66.5625,66.5937,65.75,66.0,1098500
1996-08-05,46.5922,66.1718,66.5937,65.9687,66.5781,710200
1996-08-06,46.7353,66.375,66.5156,65.7968,66.1562,640000
1996-08-07,46.8563,66.5468,66.75,66.125,66.625,917800
1996-08-08,46.7793,66.4375,66.5625,66.1875,66.5625,925100
1996-08-09,46.6253,66.2187,66.7656,66.0625,66.6718,648800
1996-08-12,46.9663,66.7031,66.8593,66.0,66.25,764200
1996-08-13,46.5922,66.1718,66.625,66.0,66.5781,805200
1996-08-14,46.7573,66.4062,66.4687,66.0,66.1875,533800
1996-08-15,46.6693,66.2812,66.625,66.2031,66.2343,632600
1996-08-16,47.0653,66.8437,66.875,66.4687,66.4687,475100
1996-08-19,47.0874,66.875,66.9218,66.625,66.8593,436400
1996-08-20,47.0543,66.8281,66.9062,66.6718,66.8906,645700
1996-08-21,46.8893,66.5937,66.8125,66.375,66.6562,266400
1996-08-22,47.3294,67.2187,67.3437,66.7187,66.75,584800
1996-08-23,47.0763,66.8593,67.2031,66.6406,67.0937,757100
1996-08-26,46.8453,66.5312,66.7812,66.4218,66.7031,784700
1996-08-27,47.0213,66.7812,66.8437,66.5,66.7187,389400
1996-08-28,46.9443,66.6718,67.0,66.6562,66.9375,227600
1996-08-29,46.4823,66.0156,66.5937,65.625,66.5937,680200
1996-08-30,45.9982,65.3281,66.0156,65.125,66.0,1500900
1996-09-03,46.2952,65.75,65.8437,64.375,64.4687,1782000
1996-09-04,46.3392,65.8125,66.75,65.4843,65.75,930200
1996-09-05,45.7781,65.0156,65.7656,65.0156,65.5,616600
1996-09-06,46.4273,65.9375,66.1718,65.1406,65.25,804900
1996-09-09,46.9773,66.7187,66.7343,66.0781,66.1875,719200
1996-09-10,46.9553,66.6875,66.9062,66.375,66.625,669900
1996-09-11,47.2194,67.0625,67.125,66.4062,66.5625,713500
1996-09-12,47.5494,67.5312,67.7343,67.1562,67.25,713300
1996-09-13,48.2755,68.5625,68.625,68.125,68.3125,2008800
1996-09-16,48.4516,68.8125,69.1562,68.5625,68.6562,1220200
1996-09-17,48.3415,68.6562,68.9843,68.2343,68.875,604700
1996-09-18,48.2205,68.4843,68.75,68.2187,68.5625,225500
1996-09-19,48.4076,68.75,68.7968,68.2812,68.375,410000
1996-09-20,48.5793,68.6406,68.7812,68.375,68.5937,948400
1996-09-23,48.5682,68.625,68.75,68.1562,68.4687,466800
1996-09-24,48.5571,68.6093,69.25,68.3125,68.5625,1269800
1996-09-25,48.5903,68.6562,68.9375,68.5,68.9375,1353300
1996-09-26,48.5682,68.625,69.1875,68.3906,68.75,773200
1996-09-27,48.6125,68.6875,68.7187,68.375,68.7187,407600
1996-09-30,48.5682,68.625,69.0625,68.5781,68.7812,578200
1996-10-01,48.8336,69.0,69.0468,68.4375,68.7031,561400
1996-10-02,49.1653,69.4687,69.5937,69.1562,69.25,609000
1996-10-03,49.1211,69.4062,69.5312,69.2031,69.5,342200
1996-10-04,49.7846,70.3437,70.3437,69.5,69.6875,754100
1996-10-07,49.8399,70.4218,70.625,70.25,70.3125,235100
1996-10-08,49.6409,70.1406,70.6875,70.0156,70.4531,386200
1996-10-09,49.2538,69.5937,70.375,69.5156,70.25,528800
1996-10-10,49.1543,69.4531,69.8593,69.375,69.5937,1562200
1996-10-11,49.7625,70.3125,70.3125,69.7187,69.7187,331300
1996-10-14,49.8288,70.4062,70.6875,70.2968,70.3125,201600
1996-10-15,49.7625,70.3125,71.125,69.9531,71.125,776900
1996-10-16,50.0058,70.6562,70.6562,69.9375,70.5,590100
1996-10-17,50.1385,70.8437,71.0312,70.5468,70.875,792500
1996-10-18,50.4039,71.2187,71.3125,70.7187,70.875,695800
1996-10-21,50.3376,71.125,71.625,70.9375,71.2812,879200
1996-10-22,49.9837,70.625,71.0781,70.5937,71.0625,848900
1996-10-23,50.1495,70.8593,70.8906,70.1875,70.4687,735900
1996-10-24,49.7183,70.25,70.9843,70.2187,70.8593,379300
1996-10-25,49.7625,70.3125,70.5625,70.125,70.2343,568300
1996-10-28,49.4307,69.8437,70.7343,69.8125,70.375,975400
1996-10-29,49.8288,70.4062,70.5781,69.7031,70.0625,815900
1996-10-30,49.6629,70.1718,70.625,70.0937,70.625,495400
1996-10-31,50.1385,70.8437,70.875,70.1875,70.2656,726300
1996-11-01,49.9615,70.5937,71.1562,70.2656,70.9843,821300
1996-11-04,50.2933,71.0625,71.0625,70.5312,70.6875,1608400
1996-11-05,50.5808,71.4687,71.7968,71.2812,71.2968,764000
1996-11-06,51.5539,72.8437,72.875,71.5312,71.5937,1665000
1996-11-07,51.6756,73.0156,73.2968,72.5312,72.625,1446300
1996-11-08,51.9631,73.4218,73.4375,72.75,73.0312,1355700
1996-11-11,51.9078,73.3437,73.5156,73.2187,73.25,655900
1996-11-12,51.753,73.125,73.5937,73.0156,73.5468,719900
1996-11-13,51.9852,73.4531,73.5625,73.0156,73.2031,481900
1996-11-14,52.3281,73.9375,73.9375,73.1562,73.1875,558800
1996-11-15,52.3944,74.0312,74.5,73.7187,74.125,2250900
1996-11-18,52.4054,74.0468,74.25,73.7343,74.1718,1518200
1996-11-19,52.7814,74.5781,74.5937,74.0312,74.1406,1029300
1996-11-20,52.8699,74.7031,75.0156,74.3125,74.5625,730000
1996-11-21,52.7925,74.5937,74.8437,74.375,74.7968,653000
1996-11-22,53.2016,75.1718,75.25,74.7031,74.7031,965100
1996-11-25,53.8762,76.125,76.1562,75.0781,75.25,2058800
1996-11-26,53.6993,75.875,76.6875,75.4687,76.2812,2861800
1996-11-27,53.5997,75.7343,76.1875,75.6406,76.0625,872000
1996-11-29,53.7988,76.0156,76.2187,75.8593,76.0,1073400
1996-12-02,53.8209,76.0468,76.125,75.3906,75.9218,1350600
1996-12-03,52.9031,74.75,76.5781,74.75,76.0625,1777800
1996-12-04,53.0468,74.9531,75.0625,74.0937,74.875,2365100
1996-12-05,52.9031,74.75,75.1406,74.5312,74.8437,1697700
1996-12-06,52.5935,74.3125,74.75,72.6562,73.25,3401800
1996-12-09,53.3675,75.4062,75.4218,74.5781,74.6875,1864600
1996-12-10,53.1131,75.0468,75.6718,74.9687,75.5625,1331600
1996-12-11,52.6266,74.3593,74.625,73.3125,73.625,1847900
1996-12-12,51.753,73.125,74.875,72.9375,74.7812,2540200
1996-12-13,51.8857,73.3125,73.5781,72.4062,73.0625,1678300
1996-12-16,51.2222,72.375,73.6875,72.0625,73.5,1831100
1996-12-17,51.6314,72.9531,73.2812,71.875,72.1562,2023200
1996-12-18,52.0405,73.5312,73.7656,73.2656,73.375,1666800
1996-12-19,53.1131,75.0468,75.125,73.8906,74.1875,2269300
1996-12-20,53.2297,74.8437,75.7187,74.75,75.125,1543200
1996-12-23,53.0964,74.6562,75.2031,74.3281,75.0937,1263700
1996-12-24,53.4853,75.2031,75.2031,74.7968,74.8437,633000
1996-12-26,53.8965,75.7812,75.8281,75.375,75.4375,1384300
1996-12-27,53.9632,75.875,76.0312,75.5,75.7812,410400
1996-12-30,53.4964,75.2187,76.125,75.1562,76.125,694100
1996-12-31,52.5185,73.8437,75.375,73.8437,75.2812,1378100
1997-01-02,52.6519,74.0312,74.375,72.75,74.375,2031900
1997-01-03,53.4075,75.0937,75.125,74.0781,74.375,2123200
1997-01-06,52.9408,74.4375,75.4375,74.3125,75.0937,1374100
1997-01-07,53.5853,75.3437,75.4687,74.125,74.4375,939000
1997-01-08,53.1186,74.6875,75.7812,74.6875,75.75,1802200
1997-01-09,53.5631,75.3125,75.875,74.9375,75.0625,1415700
1997-01-10,54.141,76.125,76.25,74.25,74.25,2369500
1997-01-13,54.0632,76.0156,76.5,75.6406,76.5,1364600
1997-01-14,54.741,76.9687,77.3906,76.5,76.6875,2111200
1997-01-15,54.6077,76.7812,77.2031,76.375,76.7187,1583900
1997-01-16,54.8299,77.0937,77.2968,76.5,77.0312,1308400
1997-01-17,55.1634,77.5625,77.75,77.1093,77.2031,1604000
1997-01-20,55.23,77.6562,78.0937,77.4687,77.75,1889900
1997-01-21,55.6745,78.2812,78.5468,77.1093,77.375,2785800
1997-01-22,56.0746,78.8437,78.8437,77.875,78.3125,1201600
1997-01-23,55.2967,77.75,79.6875,76.9062,79.0625,2601100
1997-01-24,54.5855,76.75,77.9062,76.75,77.875,2176000
1997-01-27,54.4299,76.5312,77.2343,76.375,76.875,2108500
1997-01-28,54.5855,76.75,77.8437,76.0,77.625,4376000
1997-01-29,55.1189,77.5,77.5,76.5937,76.875,1122700
1997-01-30,55.8301,78.5,78.5312,77.4062,77.875,2126300
1997-01-31,55.7634,78.4062,79.4062,78.375,78.9375,3208100
1997-02-03,55.9301,78.6406,78.8906,78.3593,78.7187,755000
1997-02-04,56.2746,79.125,79.2031,78.4375,78.75,654100
1997-02-05,55.2189,77.6406,79.4687,77.125,79.2343,2255400
1997-02-06,55.5856,78.1562,78.2031,77.4062,77.7812,2483100
1997-02-07,56.3413,79.2187,79.25,77.7812,78.8125,2321000
1997-02-10,55.8079,78.4687,79.5312,78.4218,79.25,1670000
1997-02-11,56.4524,79.375,79.375,78.125,78.7812,1664300
1997-02-12,57.2525,80.5,80.6406,79.2656,79.375,2675400
1997-02-13,57.8749,81.375,81.5625,80.6875,80.8125,1104800
1997-02-14,57.7415,81.1875,81.4687,80.9062,81.1875,1112900
1997-02-18,58.2305,81.875,81.9375,80.75,81.3437,833100
1997-02-19,57.8415,81.3281,82.0,81.1562,81.6562,648100
1997-02-20,57.1414,80.3437,81.3593,80.1562,81.0312,1193900
1997-02-21,57.1636,80.375,80.7656,80.1406,80.4062,1844400
1997-02-24,57.8415,81.3281,81.375,79.9687,79.9687,787300
1997-02-25,57.886,81.3906,81.5312,80.875,81.4062,1653900
1997-02-26,57.3192,80.5937,81.4375,79.625,81.3125,1597800
1997-02-27,56.4635,79.3906,80.8125,79.375,80.8125,1813100
1997-02-28,56.2968,79.1562,79.875,79.0625,79.25,2961200
1997-03-03,56.6747,79.6875,79.75,78.6875,78.75,1210400
1997-03-04,56.3635,79.25,80.125,79.0937,79.9062,1478700
1997-03-05,57.3192,80.5937,80.5937,79.4531,79.7187,1254800
1997-03-06,56.9858,80.125,80.9062,79.875,80.625,1528500
1997-03-07,57.497,80.8437,81.1562,80.25,80.4375,1859300
1997-03-10,58.0971,81.6875,81.6875,80.5468,80.9375,1074900
1997-03-11,57.786,81.25,81.7968,81.25,81.75,624600
1997-03-12,57.2747,80.5312,81.3437,80.2968,81.3125,1055600
1997-03-13,56.3857,79.2812,80.4687,79.0625,80.25,2514100
1997-03-14,56.6747,79.6875,80.0312,79.25,79.6406,1642700
1997-03-17,56.8302,79.9062,80.0312,78.4375,79.25,3013500
1997-03-18,56.219,79.0468,80.1093,78.7187,80.0,1352500
1997-03-19,56.0301,78.7812,79.5,78.0625,78.8437,1510000
1997-03-20,55.7412,78.375,79.0,77.875,78.75,1808200
1997-03-21,55.9993,78.4375,78.75,78.3437,78.6875,2810600
1997-03-24,56.7801,79.5312,79.5781,78.0937,78.5,2145600
1997-03-25,56.2224,78.75,79.9687,78.5312,79.3437,2125800
1997-03-26,56.4678,79.0937,79.6562,78.6875,79.0625,1335300
1997-03-27,54.973,77.0,79.375,76.1562,79.375,2898500
1997-03-31,53.8129,75.375,77.125,75.25,76.9062,4270700
1997-04-01,54.1586,75.8593,76.1875,75.0468,75.25,3210900
1997-04-02,53.1882,74.5,75.9375,74.4375,75.625,2672700
1997-04-03,53.4782,74.9062,75.125,74.1875,74.4375,2284200
1997-04-04,54.1475,75.8437,75.8593,74.1562,74.5,3706700
1997-04-07,54.3595,76.1406,76.625,76.1406,76.1875,2596200
1997-04-08,54.7499,76.6875,76.7812,75.8437,76.125,1822700
1997-04-09,54.3037,76.0625,77.0468,75.8437,77.0,2453200
1997-04-10,54.1029,75.7812,76.5468,75.6875,76.0937,1996500
1997-04-11,52.385,73.375,75.3125,73.375,75.0625,4221600
1997-04-14,53.0877,74.3593,74.4531,73.3125,73.7343,3988500
1997-04-15,53.9914,75.625,75.6406,74.5,75.25,2760400
1997-04-16,54.6161,76.5,76.6093,75.25,75.375,2273300
1997-04-17,54.393,76.1875,77.0,76.0,76.5,1386000
1997-04-18,54.6607,76.5625,76.9843,76.25,76.8125,1702100
1997-04-21,54.3037,76.0625,76.9062,75.4687,76.75,2809400
1997-04-22,55.4973,77.7343,77.7343,76.0,76.1093,3215000
1997-04-23,55.5531,77.8125,78.0312,77.1875,77.6562,2047700
1997-04-24,55.2742,77.4218,78.2812,76.875,78.0468,2689900
1997-04-25,54.6383,76.5312,77.2031,76.4218,77.0625,1606200
1997-04-28,55.1738,77.2812,77.8125,76.375,76.5,1666500
1997-04-29,56.914,79.7187,79.7812,78.2968,78.5937,3197400
1997-04-30,57.1817,80.0937,80.6875,79.2187,79.25,3372200
1997-05-01,57.1148,80.0,80.5312,79.3125,80.2187,2149500
1997-05-02,58.1411,81.4375,81.6718,80.0625,80.2812,1448300
1997-05-05,59.5244,83.375,83.5625,81.2968,81.6562,3636200
1997-05-06,59.4797,83.3125,83.4687,82.5,82.9687,1721100
1997-05-07,58.1857,81.5,83.0,81.4062,83.0,2327200
1997-05-08,58.5873,82.0625,83.2187,81.1875,81.3125,2923700
1997-05-09,58.9889,82.625,83.125,81.6562,82.9687,2558200
1997-05-12,59.9706,84.0,84.25,82.875,82.9375,2357900
1997-05-13,59.7251,83.6562,84.0937,83.0156,83.9375,1195100
1997-05-14,59.8367,83.8125,84.5,83.4375,84.2343,2772000
1997-05-15,60.2383,84.375,84.5937,83.5156,83.8125,884100
1997-05-16,59.4128,83.2187,84.3125,83.0,84.125,1934200
1997-05-19,59.5913,83.4687,83.9062,83.0625,83.3125,1375800
1997-05-20,60.3052,84.4687,84.6875,82.75,83.2812,1756400
1997-05-21,60.1713,84.2812,84.9843,83.6562,84.6875,1208000
1997-05-22,59.9706,84.0,84.4687,83.5625,84.375,907600
1997-05-23,60.5283,84.7812,85.2187,84.1562,84.375,644400
1997-05-27,60.7738,85.125,85.5312,84.2656,84.375,1531000
1997-05-28,60.7625,85.1093,85.4531,84.5156,85.125,716700
1997-05-29,60.4056,84.6093,85.25,84.5,85.0937,1282700
1997-05-30,60.796,85.1562,85.5625,83.125,83.2187,2143300
1997-06-02,60.5283,84.7812,85.5,84.7187,85.3437,1479100
1997-06-03,60.3275,84.5,85.4375,84.3437,84.4062,1562100
1997-06-04,60.2606,84.4062,84.75,84.0781,84.5312,1063100
1997-06-05,60.4837,84.7187,85.3125,84.4218,84.5937,1180800
1997-06-06,61.6662,86.375,86.4375,84.5937,84.5937,1511100
1997-06-09,61.9785,86.8125,86.875,86.3437,86.4375,1823400
1997-06-10,62.1681,87.0781,87.4062,86.5,86.8437,1217500
1997-06-11,62.3131,87.2812,87.4062,86.8281,87.0,1673800
1997-06-12,63.5179,88.9687,89.0,87.5625,87.875,4273300
1997-06-13,64.0534,89.7187,90.0,88.9062,89.0625,2132900
1997-06-16,64.0757,89.75,90.0,89.4687,89.75,800400
1997-06-17,63.9865,89.625,90.2343,88.9375,89.4375,2048100
1997-06-18,63.7634,89.3125,89.625,88.9687,89.125,1971900
1997-06-19,64.4215,90.2343,90.5,89.375,89.6093,2029900
1997-06-20,64.202,89.5781,90.3437,89.5,89.9375,1396900
1997-06-23,62.6454,87.4062,89.9062,87.3437,89.4062,3991500
1997-06-24,64.2356,89.625,89.875,88.0,88.25,4895100
1997-06-25,63.7877,89.0,90.25,87.9375,89.4843,4708900
1997-06-26,63.4741,88.5625,89.625,87.6875,88.8437,2569900
1997-06-27,63.7204,88.9062,89.7187,88.6875,88.9687,2617900
1997-06-30,63.2949,88.3125,89.4687,87.875,88.9062,2384900
1997-07-01,64.034,89.3437,89.5625,88.3906,88.5,1749000
1997-07-02,65.0867,90.8125,90.8125,89.2187,89.5625,1961800
1997-07-03,65.9826,92.0625,92.1562,91.4687,91.875,2539100
1997-07-07,65.3107,91.125,92.5,90.9062,92.375,1158600
1997-07-08,65.9938,92.0781,92.1875,91.1875,91.25,3396500
1997-07-09,65.2659,91.0625,92.375,90.0312,92.3125,5390300
1997-07-10,65.557,91.4687,91.8437,90.4843,91.125,2072200
1997-07-11,65.781,91.7812,92.1875,91.375,91.5937,2258900
1997-07-14,65.9826,92.0625,92.3125,91.2187,91.8906,3186400
1997-07-15,66.3185,92.5312,92.7656,91.4687,92.3125,2983100
1997-07-16,67.1921,93.75,94.0937,92.8906,93.125,2621300
1997-07-17,66.8561,93.2812,93.8125,92.7812,93.625,1794800
1997-07-18,65.4338,91.2968,93.2187,91.0625,93.0156,3961900
1997-07-21,65.4451,91.3125,91.5937,90.6875,91.2812,3810300
1997-07-22,67.1808,93.7343,93.7968,91.625,91.6875,4243400
1997-07-23,67.1248,93.6562,94.4843,93.5312,93.9375,3204300
1997-07-24,67.4384,94.0937,94.2656,92.6875,93.9375,4152700
1997-07-25,67.3936,94.0312,94.8125,93.625,94.5625,2364800
1997-07-28,67.3488,93.9687,94.5625,93.5,94.25,2794700
1997-07-29,67.5728,94.2812,94.4687,93.4218,93.625,2737100
1997-07-30,68.3791,95.4062,95.625,94.4062,94.5,4839800
1997-07-31,68.3119,95.3125,96.0312,95.0312,95.4062,2138700
1997-08-01,68.0432,94.9375,95.7187,93.8125,95.5,7077700
1997-08-04,68.2223,95.1875,95.5468,94.4062,94.7812,2339500
1997-08-05,68.2671,95.25,95.6875,94.9062,95.0937,1466700
1997-08-06,68.827,96.0312,96.5312,95.0625,95.4375,2478200
1997-08-07,68.3119,95.3125,96.625,95.125,96.5,3641900
1997-08-08,66.9233,93.375,94.75,92.4062,94.3125,7113100
1997-08-11,67.416,94.0625,94.2812,92.625,93.75,6355900
1997-08-12,66.341,92.5625,94.5468,92.4687,94.2187,6132500
1997-08-13,66.1394,92.2812,93.8437,91.4687,93.6875,6982300
1997-08-14,66.3858,92.625,93.3125,91.7187,93.0937,3462700
1997-08-15,64.3476,89.7812,92.125,89.625,92.125,4907100
1997-08-18,65.781,91.7812,91.7812,89.3437,90.375,5638900
1997-08-19,66.5425,92.8437,92.9062,91.5312,92.2187,3802800
1997-08-20,67.5504,94.25,94.3125,92.6093,92.9375,3564600
1997-08-21,66.3633,92.5937,94.25,92.0937,94.125,5392600
1997-08-22,66.341,92.5625,92.7343,90.5625,91.0,8087800
1997-08-25,66.0946,92.2187,93.4062,91.8437,92.7812,3888000
1997-08-26,65.1203,90.8593,92.5625,90.7031,92.0,4290000
1997-08-27,65.5122,91.4062,91.9687,90.4062,91.0,5484300
1997-08-28,64.5156,90.0156,91.9375,90.0,91.1875,4287900
1997-08-29,64.7732,90.375,91.1093,89.7187,90.125,2652300
1997-09-02,66.8785,93.3125,93.3593,90.5937,90.6875,7294000
1997-09-03,66.5201,92.8125,94.0,92.75,93.2968,2812500
1997-09-04,66.9457,93.4062,93.7187,92.75,93.0625,2473700
1997-09-05,66.7553,93.1406,94.4375,92.5937,93.9687,3663300
1997-09-08,67.0464,93.5468,94.0,93.3125,93.7187,803500
1997-09-09,67.08,93.5937,94.2812,92.9062,93.2187,1885200
1997-09-10,65.6914,91.6562,93.5,91.6562,93.125,3623700
1997-09-11,65.3555,91.1875,91.9062,90.25,91.7812,7055900
1997-09-12,66.4081,92.6562,92.9687,90.9375,92.0,6708000
1997-09-15,66.2962,92.5,93.3125,92.1875,92.6562,2060500
1997-09-16,67.9536,94.8125,95.2812,93.0312,93.3125,6979000
1997-09-17,67.9536,94.8125,95.5,94.5,95.375,2220000
1997-09-18,68.2447,95.2187,96.375,94.9687,95.0,5045400
1997-09-19,68.3602,95.0312,95.3593,94.4062,94.6562,1566400
1997-09-22,68.7423,95.5625,96.2031,95.2187,95.5,3259000
1997-09-23,68.4276,95.125,95.7031,94.75,95.5625,1872800
1997-09-24,67.8656,94.3437,96.1093,94.2812,95.375,2793100
1997-09-25,67.3936,93.6875,94.75,93.625,94.25,6327800
1997-09-26,67.9555,94.4687,94.8125,94.1875,94.4375,3995800
1997-09-29,68.6075,95.375,95.5625,94.1562,94.5,2065000
1997-09-30,67.8881,94.375,95.6875,94.375,95.0,4137600
1997-10-01,68.7873,95.625,95.8125,94.7812,95.25,3567500
1997-10-02,69.1694,96.1562,96.1875,95.3125,95.5312,2577500
1997-10-03,69.5179,96.6406,97.75,95.3437,97.4687,6499900
1997-10-06,69.9787,97.2812,97.6093,96.9062,97.3125,2272100
1997-10-07,70.6306,98.1875,98.5,97.2031,97.5312,1832800
1997-10-08,70.1361,97.5,98.375,96.7343,98.3593,4439400
1997-10-09,69.8888,97.1562,97.6093,96.2187,96.7812,3607600
1997-10-10,69.6865,96.875,96.9843,96.25,96.3125,2858100
1997-10-13,69.7539,96.9687,97.5468,96.7187,97.3437,1760300
1997-10-14,69.7764,97.0,97.5,96.1875,97.4687,2235700
1997-10-15,69.619,96.7812,97.0625,96.2812,96.3125,2601700
1997-10-16,68.5176,95.25,97.5,95.0,97.3125,9488100
1997-10-17,67.8206,94.2812,95.375,93.0,95.0156,8151300
1997-10-20,68.7873,95.625,95.75,94.1562,94.8437,3636400
1997-10-21,70.1248,97.4843,97.5,96.0312,96.2187,5225400
1997-10-22,69.664,96.8437,97.3906,96.5312,97.3437,4485200
1997-10-23,68.2928,94.9375,95.75,94.2812,94.9375,8054100
1997-10-24,67.6184,94.0,96.1562,93.6718,96.1562,6778700
1997-10-27,62.7178,87.1875,93.9375,86.8437,93.0156,10840700
1997-10-28,66.337,92.2187,92.875,84.375,84.375,19548000
1997-10-29,66.1572,91.9687,93.75,91.2812,92.5,10134400
1997-10-30,64.696,89.9375,92.5625,89.75,90.625,9772900
1997-10-31,66.2246,92.0625,92.5,90.4375,91.8125,7072700
1997-11-03,67.6184,94.0,94.375,92.875,93.1875,5548500
1997-11-04,67.6184,94.0,94.4375,93.2812,93.875,3455700
1997-11-05,67.8432,94.3125,95.2812,93.8437,94.1875,4774900
1997-11-06,67.5846,93.9531,94.3437,93.5,94.0312,3679800
1997-11-07,66.8541,92.9375,93.25,91.4375,92.375,10606800
1997-11-10,66.4494,92.375,93.8437,92.0,93.625,4347900
1997-11-11,66.4719,92.4062,93.0625,92.0312,92.6875,3212400
1997-11-12,65.1007,90.5,92.7187,90.375,91.625,6775300
1997-11-13,66.0448,91.8125,92.1562,90.0937,91.4687,8589600
1997-11-14,66.944,93.0625,93.3906,91.6093,92.3125,5827900
1997-11-17,68.1803,94.7812,95.3125,94.0312,94.375,5149900
1997-11-18,67.7533,94.1875,95.0937,93.8906,94.8125,3433600
1997-11-19,68.0904,94.6562,95.0625,92.75,93.6875,4387900
1997-11-20,69.1245,96.0937,96.5312,95.2812,95.3125,4822700
1997-11-21,69.5966,96.75,96.8125,95.6562,96.625,5436500
1997-11-24,68.3377,95.0,96.3437,94.625,96.0,4337200
1997-11-25,68.5176,95.25,95.8125,94.6562,95.625,4525000
1997-11-26,68.7198,95.5312,95.9843,95.3125,95.875,2681100
1997-11-28,68.7873,95.625,96.25,95.5937,95.75,1564700
1997-12-01,70.5631,98.0937,98.0937,96.0312,96.2187,4850900
1997-12-02,70.1361,97.5,97.9843,97.25,97.6875,1974900
1997-12-03,70.3384,97.7812,98.5312,96.875,97.625,3302500
1997-12-04,70.271,97.6875,98.7187,97.375,98.5,2872500
1997-12-05,71.1701,98.9375,99.0,97.125,97.375,3458800
1997-12-08,70.9678,98.6562,99.0,98.25,98.9687,2289200
1997-12-09,70.5407,98.0625,98.5937,97.625,98.2187,1703000
1997-12-10,69.9337,97.2187,97.8437,96.4687,97.5625,3558400
1997-12-11,68.7423,95.5625,96.5937,95.3125,96.3125,5072800
1997-12-12,68.8772,95.75,96.5,94.9062,96.4375,4478400
1997-12-15,69.5741,96.7187,97.1093,95.875,96.25,4674700
1997-12-16,70.0012,97.3125,97.8125,96.875,97.2187,2885800
1997-12-17,69.6415,96.8125,97.875,96.7031,97.8437,2236300
1997-12-18,68.9671,95.875,96.9375,95.2187,96.9375,4658300
1997-12-19,68.4516,94.7812,95.875,92.375,94.5312,8556000
1997-12-22,68.8917,95.3906,95.9062,94.5625,95.4375,5136800
1997-12-23,67.6618,93.6875,95.625,93.5312,95.4375,4436500
1997-12-24,67.4586,93.4062,94.4375,93.25,94.4375,2019200
1997-12-26,67.7294,93.7812,94.125,93.4062,94.125,941800
1997-12-29,69.061,95.625,95.7187,94.4375,94.5937,2080000
1997-12-30,70.1443,97.125,97.25,95.8437,95.9375,3616000
1997-12-31,70.0992,97.0625,97.625,96.6875,96.875,4359500
1998-01-02,70.4603,97.5625,97.6562,96.5312,97.3125,2360900
1998-01-05,70.6182,97.7812,98.4375,96.7812,97.8437,4191800
1998-01-06,69.4898,96.2187,97.2812,96.1875,97.25,3154900
1998-01-07,69.6703,96.4687,96.7187,95.2187,96.0937,4424200
1998-01-08,69.061,95.625,96.3125,95.375,96.3125,3831000
1998-01-09,66.6687,92.3125,95.5,91.9062,95.25,10258800
1998-01-12,67.8874,94.0,94.1875,90.9062,91.125,12097900
1998-01-13,68.8353,95.3125,95.375,94.2187,94.625,5224900
1998-01-14,69.1513,95.75,95.9687,94.7187,95.6875,3770400
1998-01-15,68.5758,94.9531,95.75,94.8125,95.5,2875400
1998-01-16,69.5575,96.3125,96.6875,95.6562,96.25,4374800
1998-01-20,70.686,97.875,98.0156,96.5,96.6875,5091700
1998-01-21,70.0089,96.9375,97.6875,96.1562,97.2187,4699400
1998-01-22,69.3883,96.0781,96.875,95.875,96.1562,4543400
1998-01-23,69.2867,95.9375,96.7812,95.0,96.5,6350300
1998-01-26,69.2416,95.875,96.7343,95.4062,96.375,4362900
1998-01-27,69.9412,96.8437,97.5,95.6562,95.8125,7044200
1998-01-28,70.5731,97.7187,98.1093,97.1875,97.4062,4268600
1998-01-29,70.9568,98.25,99.5625,97.5625,97.8437,8007700
1998-01-30,71.002,98.3125,98.9687,98.0,98.7812,3649100
1998-02-02,72.1755,99.9375,100.5,99.75,99.9062,5756300
1998-02-03,72.7172,100.688,100.813,99.7187,100.0,2759600
1998-02-04,72.6269,100.563,101.156,99.9375,100.281,3374000
1998-02-05,72.5818,100.5,101.594,100.031,101.313,5076200
1998-02-06,73.3943,101.625,101.625,100.688,101.0,5701200
1998-02-09,73.146,101.281,101.75,100.719,101.719,2322200
1998-02-10,73.8456,102.25,102.469,101.188,101.438,3660400
1998-02-11,73.7779,102.156,102.344,101.703,102.094,4073200
1998-02-12,74.0939,102.594,102.938,100.875,101.719,5024700
1998-02-13,73.6651,102.0,102.516,101.875,102.188,2101300
1998-02-17,74.0262,102.5,103.094,102.156,102.813,3055500
1998-02-18,74.7033,103.438,103.484,102.281,102.313,3007400
1998-02-19,74.3083,102.891,103.406,102.75,103.25,3387800
1998-02-20,74.8612,103.656,103.719,102.375,103.156,3707000
1998-02-23,75.1546,104.063,104.25,103.344,104.25,3227800
1998-02-24,74.5679,103.25,104.094,102.938,103.906,3386800
1998-02-25,75.4931,104.531,104.875,103.625,103.75,3481800
1998-02-26,75.922,105.125,105.219,104.188,104.438,3187600
1998-02-27,75.922,105.125,105.531,104.531,104.969,3442900
1998-03-02,75.764,104.906,105.75,104.625,105.25,4252300
1998-03-03,76.1928,105.5,105.625,104.531,104.531,3349200
1998-03-04,75.6963,104.813,105.406,104.438,105.094,4404100
1998-03-05,74.9966,103.844,104.438,103.156,103.5,7268000
1998-03-06,76.5088,105.938,105.938,104.438,104.563,6896300
1998-03-09,76.238,105.563,106.219,105.25,105.531,3362800
1998-03-10,76.9602,106.563,106.844,105.938,106.219,5481900
1998-03-11,77.3213,107.063,107.313,106.781,106.969,3439600
1998-03-12,77.6372,107.5,107.594,106.5,107.094,3191300
1998-03-13,77.3438,107.094,108.0,106.875,107.844,2879400
1998-03-16,78.1789,108.25,108.375,107.531,107.844,3223600
1998-03-17,78.4046,108.563,108.563,107.656,108.313,4581900
1998-03-18,78.6979,108.969,108.969,108.031,108.25,1944100
1998-03-19,78.9011,109.25,109.375,108.656,108.969,2554800
1998-03-20,79.5805,109.875,110.188,108.875,109.563,3123300
1998-03-23,79.3994,109.625,110.313,109.406,109.719,4453100
1998-03-24,80.0784,110.563,110.813,109.938,110.063,3333600
1998-03-25,79.7841,110.156,111.531,109.188,111.406,4597600
1998-03-26,79.7389,110.094,110.75,109.625,109.875,3333500
1998-03-27,79.3994,109.625,110.781,109.0,110.75,2611300
1998-03-30,79.3541,109.563,110.094,108.969,109.625,3108700
1998-03-31,79.6257,109.938,111.188,109.75,110.156,5926500
1998-04-01,80.2708,110.828,111.078,109.406,110.313,2929000
1998-04-02,81.1422,112.031,112.25,110.75,110.938,3920900
1998-04-03,81.5496,112.594,112.813,111.844,112.344,3787600
1998-04-06,80.8932,111.688,113.375,111.688,113.25,4550500
1998-04-07,80.35,110.938,111.938,110.156,111.75,5583700
1998-04-08,79.8973,110.313,111.281,109.75,111.219,4854800
1998-04-09,80.5311,111.188,111.281,110.531,110.563,4481200
1998-04-13,80.3048,110.875,111.375,110.0,111.375,4350200
1998-04-14,80.9838,111.813,111.813,110.906,111.125,3279100
1998-04-15,81.2101,112.125,112.125,111.156,111.969,3867200
1998-04-16,80.2595,110.813,111.5,110.5,111.313,7177900
1998-04-17,81.3232,112.281,112.438,110.438,110.719,5688800
1998-04-20,81.3006,112.25,112.563,111.875,112.0,3688300
1998-04-21,81.6854,112.781,113.156,111.906,112.438,4573200
1998-04-22,81.9117,113.094,113.438,112.813,112.875,2386100
1998-04-23,81.1196,112.0,113.0,111.75,112.625,5062000
1998-04-24,80.2595,110.813,112.469,110.344,111.75,11039700
1998-04-27,78.743,108.719,109.688,107.625,109.375,14510200
1998-04-28,78.6299,108.563,109.813,108.125,109.781,6511400
1998-04-29,79.1731,109.313,109.969,108.438,109.031,7703100
1998-04-30,80.6442,111.344,111.922,110.406,110.563,8684500
1998-05-01,81.5496,112.594,112.594,111.313,111.75,4008800
1998-05-04,81.3459,112.313,113.313,112.156,112.719,4537200
1998-05-05,80.78,111.531,112.156,111.125,112.0,5146400
1998-05-06,79.8294,110.219,112.125,110.188,112.125,5526100
1998-05-07,79.1957,109.344,110.563,109.344,110.5,6940400
1998-05-08,80.4858,111.125,111.375,110.0,110.0,7951000
1998-05-11,80.2142,110.75,112.219,110.375,111.563,6336300
1998-05-12,81.0743,111.938,111.969,110.344,110.813,6045200
1998-05-13,81.278,112.219,112.563,111.594,112.063,4441500
1998-05-14,80.8706,111.656,112.688,111.344,111.531,4187500
1998-05-15,80.4179,111.031,112.219,110.813,112.0,6716100
1998-05-18,80.101,110.594,111.594,109.828,110.719,4847200
1998-05-19,80.6442,111.344,111.688,110.781,111.0,5918700
1998-05-20,81.4138,112.406,112.5,110.875,112.094,5716600
1998-05-21,80.8932,111.688,112.781,111.313,112.375,6301500
1998-05-22,80.5764,111.25,112.063,110.938,111.75,4862200
1998-05-26,79.2862,109.469,112.094,109.188,112.094,6899300
1998-05-27,79.3994,109.625,109.906,107.578,108.531,10202600
1998-05-28,79.7615,110.125,110.375,109.063,109.875,4907600
1998-05-29,78.9693,109.031,110.813,109.031,110.625,4772600
1998-06-01,79.3315,109.531,110.219,108.563,108.969,6092200
1998-06-02,79.3994,109.625,110.344,109.156,110.0,6701100
1998-06-03,78.1319,107.875,110.188,107.875,109.875,6445100
1998-06-04,79.5805,109.875,110.063,108.063,108.25,6566300
1998-06-05,81.1196,112.0,112.0,109.875,110.375,8463200
1998-06-08,81.029,111.875,112.469,111.656,111.938,4159900
1998-06-09,81.278,112.219,112.422,111.406,111.719,2725300
1998-06-10,80.7574,111.5,113.063,111.25,111.625,6186900
1998-06-11,79.2409,109.406,111.875,109.375,111.438,8056600
1998-06-12,79.9879,110.438,110.438,108.25,109.875,9779000
1998-06-15,77.8829,107.531,109.906,107.5,108.813,10234200
1998-06-16,79.0825,109.188,109.219,107.75,108.406,7471500
1998-06-17,80.7348,111.469,111.781,109.938,110.156,12057700
1998-06-18,80.3726,110.969,111.438,110.75,111.188,3844600
1998-06-19,79.9699,110.063,111.234,109.625,111.063,3549100
1998-06-22,80.3559,110.594,111.063,110.063,110.25,5438300
1998-06-23,81.3096,111.906,112.063,111.0,111.094,5004600
1998-06-24,82.3994,113.406,113.688,111.609,112.156,8291900
1998-06-25,82.2632,113.219,114.438,112.813,113.906,5854800
1998-06-26,82.6038,113.688,113.844,113.125,113.313,4833100
1998-06-29,82.899,114.094,114.688,113.797,114.25,5953400
1998-06-30,82.3314,113.313,114.188,113.063,113.906,4284800
1998-07-01,83.285,114.625,114.938,113.625,114.063,3489500
1998-07-02,83.4439,114.844,114.875,114.25,114.719,3503900
1998-07-06,84.2841,116.0,116.0,114.563,114.781,3144400
1998-07-07,84.1251,115.781,116.125,115.281,115.984,4920700
1998-07-08,84.7382,116.625,116.938,115.75,115.875,6875000
1998-07-09,84.1705,115.844,116.719,115.625,116.281,6942500
1998-07-10,84.6246,116.469,116.938,115.063,116.031,7849700
1998-07-13,84.6473,116.5,116.844,116.063,116.563,6555100
1998-07-14,85.601,117.813,118.156,116.938,116.938,6983600
1998-07-15,85.442,117.594,118.281,117.531,118.063,4977500
1998-07-16,86.0324,118.406,118.594,117.063,117.688,6315600
1998-07-17,86.1459,118.563,119.0,118.313,118.625,3539500
1998-07-20,86.1459,118.563,119.234,117.938,118.75,2338400
1998-07-21,84.6473,116.5,119.0,116.281,119.0,5518600
1998-07-22,84.6473,116.5,116.984,115.531,116.344,10417300
1998-07-23,82.9671,114.188,116.594,113.906,116.313,15110900
1998-07-24,82.899,114.094,115.094,112.875,114.969,11540500
1998-07-27,83.4893,114.906,115.0,112.844,113.625,9600000
1998-07-28,82.0816,112.969,114.656,111.875,114.438,13693000
1998-07-29,81.7637,112.531,114.125,112.25,113.719,7462400
1998-07-30,82.9898,114.219,114.594,113.406,113.625,6821600
1998-07-31,81.2187,111.781,114.5,111.313,114.344,7680500
1998-08-03,80.8782,111.313,112.422,111.031,111.781,10486500
1998-08-04,77.7448,107.0,112.219,107.0,112.219,15091600
1998-08-05,78.8119,108.469,108.875,105.594,107.938,21718400
1998-08-06,79.1525,108.938,109.5,107.563,108.125,13084400
1998-08-07,79.2888,109.125,110.594,108.469,109.688,12083800
1998-08-10,78.8347,108.5,109.656,108.188,108.75,6273000
1998-08-11,77.654,106.875,107.438,105.5,106.781,14287100
1998-08-12,78.9709,108.688,108.875,107.5,107.75,11158400
1998-08-13,78.0173,107.375,109.656,107.375,108.813,9073900
1998-08-14,77.109,106.125,108.719,105.781,108.344,8628500
1998-08-17,78.7438,108.375,108.938,105.5,106.0,11290000
1998-08-18,80.197,110.375,110.594,108.781,109.0,7603900
1998-08-19,79.9926,110.094,111.094,109.625,111.094,6258600
1998-08-20,79.5158,109.438,110.406,109.156,109.688,7402800
1998-08-21,78.8801,108.563,108.719,105.5,108.188,16685400
1998-08-24,79.3796,109.25,109.938,108.313,109.25,7201700
1998-08-25,79.5612,109.5,111.25,108.641,110.375,9688300
1998-08-26,79.1071,108.875,109.625,107.75,108.281,9339700
1998-08-27,75.3834,103.75,107.563,103.469,107.0,24887800
1998-08-28,75.1109,103.375,105.719,102.156,104.969,23735900
1998-08-31,69.7523,96.0,104.016,95.0,103.75,22563100
1998-09-01,72.7041,100.063,100.563,93.625,96.0625,24748500
1998-09-02,72.1818,99.3437,101.75,98.7812,99.8125,13843200
1998-09-03,71.6142,98.5625,99.375,96.75,97.625,17311300
1998-09-04,71.0238,97.75,99.8125,95.75,99.4375,17783800
1998-09-08,74.8384,103.0,103.0,99.8125,100.875,14746500
1998-09-09,73.022,100.5,103.125,100.438,102.75,12109700
1998-09-10,71.5688,98.5,99.3437,96.8125,98.4375,19889300
1998-09-11,73.8848,101.688,101.688,97.0,98.1875,20379800
1998-09-14,75.1563,103.438,104.453,102.094,102.875,10686800
1998-09-15,75.6104,104.063,104.313,102.281,102.875,8337900
1998-09-16,76.2916,105.0,105.25,103.156,104.75,11024900
1998-09-17,74.1118,102.0,103.031,101.781,102.25,12945200
1998-09-18,74.4419,102.094,102.406,101.094,102.375,7019200
1998-09-21,74.3964,102.031,103.406,98.9375,99.625,8834600
1998-09-22,75.0116,102.875,103.656,102.156,103.5,7270100
1998-09-23,78.0194,107.0,107.0,103.781,103.875,13688500
1998-09-24,76.1053,104.375,106.813,103.25,106.313,11129500
1998-09-25,76.0142,104.25,105.422,102.625,103.125,10247400
1998-09-28,76.6978,105.188,106.313,104.25,105.313,8847800
1998-09-29,76.5155,104.938,105.938,103.375,105.375,10618100
1998-09-30,74.1913,101.75,104.313,101.375,103.5,7908400
1998-10-01,72.0494,98.8125,101.547,98.0937,100.031,13335600
1998-10-02,73.4393,100.719,100.875,97.2187,98.875,14351800
1998-10-05,71.9583,98.6875,99.9687,96.3437,99.5937,12807200
1998-10-06,71.8899,98.5937,101.281,97.5312,100.75,12621000
1998-10-07,70.819,97.125,100.031,95.75,98.625,14348500
1998-10-08,70.4316,96.5937,96.75,92.2187,94.5625,20625000
1998-10-09,71.8443,98.5312,98.7812,94.0625,97.0,12708500
1998-10-12,72.8925,99.9687,101.438,99.6875,100.625,9508500
1998-10-13,72.6419,99.625,100.406,98.75,99.5625,6256800
1998-10-14,73.3255,100.563,101.813,98.8437,98.9375,8176900
1998-10-15,77.2674,105.969,107.25,99.9375,100.125,20541100
1998-10-16,77.2902,106.0,106.75,105.0,106.125,16573900
1998-10-19,77.5637,106.375,106.813,105.5,105.688,7915900
1998-10-20,78.0194,107.0,108.797,106.094,107.563,14611600
1998-10-21,77.7459,106.625,107.625,105.875,106.875,9178400
1998-10-22,78.908,108.219,108.469,106.156,106.781,8277500
1998-10-23,77.9054,106.844,108.0,106.781,107.969,6237200
1998-10-26,78.4751,107.625,108.469,106.781,107.719,5838600
1998-10-27,78.0194,107.0,108.969,106.281,108.438,10089700
1998-10-28,77.8827,106.813,107.531,106.031,106.563,5650600
1998-10-29,79.7739,109.406,109.438,106.625,107.094,9625600
1998-10-30,80.2068,110.0,110.906,109.5,110.125,9872800
1998-11-02,81.574,111.875,111.875,110.188,110.813,6501400
1998-11-03,80.9816,111.063,111.813,110.75,111.594,6866000
1998-11-04,81.8474,112.25,113.094,111.094,112.469,8233600
1998-11-05,82.9639,113.781,113.938,111.125,111.531,6841500
1998-11-06,83.2146,114.125,114.563,113.313,113.469,5224800
1998-11-09,82.6222,113.313,114.25,112.5,113.938,6188700
1998-11-10,82.3943,113.0,113.938,112.25,113.0,14015200
1998-11-11,81.8474,112.25,114.0,111.891,113.813,10922400
1998-11-12,81.7563,112.125,113.125,111.688,112.313,5457400
1998-11-13,82.5538,113.219,113.219,112.125,112.219,5524600
1998-11-16,83.169,114.063,114.359,112.891,114.219,6023700
1998-11-17,83.169,114.063,115.625,113.0,113.656,9058900
1998-11-18,83.6703,114.75,115.0,113.5,114.313,4567700
1998-11-19,84.3995,115.75,115.906,114.625,115.281,5249300
1998-11-20,85.0375,116.625,116.75,115.844,116.359,5562000
1998-11-23,87.0426,119.375,119.625,117.156,117.469,7151300
1998-11-24,86.4958,118.625,119.656,118.453,119.0,5323700
1998-11-25,86.4958,118.625,119.188,118.219,118.938,4393500
1998-11-27,87.1338,119.5,119.719,119.016,119.469,4557900
1998-11-30,84.6729,116.125,119.375,116.125,119.016,8705400
1998-12-01,85.7666,117.625,118.031,115.219,116.125,8950600
1998-12-02,85.5159,117.281,117.906,116.0,117.219,7495500
1998-12-03,84.1032,115.344,118.313,115.094,117.25,12145300
1998-12-04,86.3135,118.375,118.5,116.5,116.625,10339500
1998-12-07,86.7236,118.938,119.469,118.0,118.063,4290000
1998-12-08,86.3362,118.406,119.75,117.5,118.531,10102600
1998-12-09,86.4958,118.625,118.969,117.875,118.688,5327900
1998-12-10,85.2311,116.891,118.844,116.719,118.844,5966600
1998-12-11,85.402,117.125,117.344,115.563,116.438,8198200
1998-12-14,82.9412,113.75,116.406,113.75,116.156,9521400
